# P(bar),Veb,Vrosee(m^3/kg)
5.184823077911733691e+00	8.486225425252781141e-04	7.260045347317629905e-02
5.253472526982893243e+00	8.494065816864059979e-04	7.169449769019109464e-02
5.322121976054052794e+00	8.501854550449652968e-04	7.081101606287554251e-02
5.390771425125212346e+00	8.509592831199418606e-04	6.994917121745421185e-02
5.459420874196371010e+00	8.517281822496640918e-04	6.910816713473361128e-02
5.528070323267531450e+00	8.524922647883037465e-04	6.828724661879397029e-02
5.596719772338690113e+00	8.532516392908205509e-04	6.748568894981148147e-02
5.665369221409850553e+00	8.540064106871445926e-04	6.670280770554876115e-02
5.734018670481009217e+00	8.547566804463643201e-04	6.593794873751354646e-02
5.802668119552169657e+00	8.555025467316046059e-04	6.519048828909480842e-02
5.871317568623328320e+00	8.562441045462143878e-04	6.445983124418563914e-02
5.939967017694487872e+00	8.569814458718553194e-04	6.374540949583200333e-02
6.008616466765647424e+00	8.577146597990418803e-04	6.304668042539536554e-02
6.077265915836806975e+00	8.584438326505927554e-04	6.236312548359644603e-02
6.145915364907965639e+00	8.591690480984937343e-04	6.169424886553049464e-02
6.214564813979126079e+00	8.598903872745714428e-04	6.103957627247560969e-02
6.283214263050284742e+00	8.606079288753659424e-04	6.039865375391524627e-02
6.351863712121443406e+00	8.613217492615839448e-04	5.977104662376876015e-02
6.420513161192603846e+00	8.620319225524580116e-04	5.915633844532617452e-02
6.489162610263762510e+00	8.627385207153243129e-04	5.855413007985760254e-02
6.557812059334922949e+00	8.634416136507146091e-04	5.796403879427015210e-02
6.626461508406081613e+00	8.641412692732153983e-04	5.738569742358449327e-02
6.695110957477242053e+00	8.648375535883834949e-04	5.681875358431372897e-02
6.763760406548400717e+00	8.655305307658961748e-04	5.626286893519440169e-02
6.832409855619560268e+00	8.662202632092093216e-04	5.571771848194313759e-02
6.901059304690719820e+00	8.669068116218849041e-04	5.518298992302471395e-02
6.969708753761879372e+00	8.675902350708028900e-04	5.465838303362178380e-02
7.038358202833038924e+00	8.682705910464103612e-04	5.414360908522981158e-02
7.107007651904197587e+00	8.689479355202085146e-04	5.363839029848427309e-02
7.175657100975357139e+00	8.696223229995875964e-04	5.314245932702905961e-02
7.244306550046517579e+00	8.702938065801951685e-04	5.265555877037540744e-02
7.312955999117676242e+00	8.709624379959384280e-04	5.217744071387769855e-02
7.381605448188834906e+00	8.716282676667782246e-04	5.170786629406581153e-02
7.450254897259995346e+00	8.722913447444063896e-04	5.124660528772558010e-02
7.518904346331155786e+00	8.729517171559413600e-04	5.079343572321786543e-02
7.587553795402314449e+00	8.736094316457222210e-04	5.034814351264797067e-02
7.656203244473473113e+00	8.742645338153218378e-04	4.991052210358458419e-02
7.724852693544633553e+00	8.749170681618583315e-04	4.948037214912848897e-02
7.793502142615792216e+00	8.755670781146929378e-04	4.905750119520669444e-02
7.862151591686951768e+00	8.762146060706010918e-04	4.864172338405488988e-02
7.930801040758111320e+00	8.768596934274829838e-04	4.823285917291580266e-02
7.999450489829270872e+00	8.775023806167080208e-04	4.783073506704182964e-02
8.068099938900429535e+00	8.781427071341208401e-04	4.743518336617355557e-02
8.136749387971589087e+00	8.787807115698247767e-04	4.704604192368960769e-02
8.205398837042748639e+00	8.794164316367570960e-04	4.666315391770529952e-02
8.274048286113908190e+00	8.800499041981457628e-04	4.628636763342679206e-02
8.342697735185067742e+00	8.806811652938750703e-04	4.591553625612316419e-02
8.411347184256227294e+00	8.813102501658377557e-04	4.555051767411257002e-02
8.479996633327386846e+00	8.819371932823013606e-04	4.519117429120345086e-02
8.548646082398546397e+00	8.825620283613414170e-04	4.483737284806187107e-02
8.617295531469705949e+00	8.831847883933887332e-04	4.448898425201500834e-02
8.685944980540865501e+00	8.838055056629162557e-04	4.414588341483025730e-02
8.754594429612025053e+00	8.844242117693328379e-04	4.380794909802803588e-02
8.823243878683184604e+00	8.850409376470844570e-04	4.347506376533582378e-02
8.891893327754344156e+00	8.856557135850245694e-04	4.314711344188888048e-02
8.960542776825501932e+00	8.862685692450874338e-04	4.282398757982398135e-02
9.029192225896663260e+00	8.868795336802518230e-04	4.250557892993737236e-02
9.097841674967821035e+00	8.874886353519060396e-04	4.219178341907254409e-02
9.166491124038980587e+00	8.880959021465516766e-04	4.188250003295910379e-02
9.235140573110140139e+00	8.887013613919392567e-04	4.157763070420871648e-02
9.303790022181299690e+00	8.893050398726320624e-04	4.127708020521116822e-02
9.372439471252459242e+00	8.899069638450242880e-04	4.098075604567979341e-02
9.441088920323618794e+00	8.905071590518443036e-04	4.068856837461123227e-02
9.509738369394778346e+00	8.911056507361506205e-04	4.040042988644377414e-02
9.578387818465937897e+00	8.917024636548659877e-04	4.011625573119494831e-02
9.647037267537097449e+00	8.922976220918344380e-04	3.983596342839694493e-02
9.715686716608255225e+00	8.928911498704586404e-04	3.955947278462966510e-02
9.784336165679416553e+00	8.934830703658969576e-04	3.928670581448828747e-02
9.852985614750576104e+00	8.940734065168761541e-04	3.901758666480848597e-02
9.921635063821735656e+00	8.946621808370929744e-04	3.875204154200603129e-02
9.990284512892893432e+00	8.952494154262684517e-04	3.848999864236832269e-02
1.005893396196405476e+01	8.958351319808185173e-04	3.823138808517168724e-02
1.012758341103521431e+01	8.964193518042019512e-04	3.797614184847993013e-02
1.019623286010637209e+01	8.970020958169232315e-04	3.772419370750931811e-02
1.026488230917753164e+01	8.975833845662242174e-04	3.747547917543343071e-02
1.033353175824869119e+01	8.981632382354710637e-04	3.722993544651963249e-02
1.040218120731985074e+01	8.987416766532395091e-04	3.698750134148899582e-02
1.047083065639101029e+01	8.993187193021252119e-04	3.674811725500075343e-02
1.053948010546216985e+01	8.998943853272805410e-04	3.651172510516080549e-02
1.060812955453332940e+01	9.004686935446808583e-04	3.627826828497036915e-02
1.067677900360449073e+01	9.010416624491514098e-04	3.604769161562113716e-02
1.074542845267564672e+01	9.016133102221386697e-04	3.581994130156190143e-02
1.081407790174680805e+01	9.021836547392585561e-04	3.559496488725123059e-02
1.088272735081796760e+01	9.027527135776079650e-04	3.537271121553207942e-02
1.095137679988912538e+01	9.033205040228645599e-04	3.515313038754862979e-02
1.102002624896028493e+01	9.038870430761804546e-04	3.493617372414357936e-02
1.108867569803144626e+01	9.044523474608656688e-04	3.472179372867287978e-02
1.115732514710260581e+01	9.050164336288771868e-04	3.450994405117552288e-02
1.122597459617376359e+01	9.055793177671268455e-04	3.430057945384142742e-02
1.129462404524492314e+01	9.061410158036008970e-04	3.409365577772238004e-02
1.136327349431608269e+01	9.067015434133041465e-04	3.388912991063765257e-02
1.143192294338724402e+01	9.072609160240426539e-04	3.368695975621636973e-02
1.150057239245840179e+01	9.078191488220260221e-04	3.348710420404132915e-02
1.156922184152956135e+01	9.083762567573355718e-04	3.328952310083594518e-02
1.163787129060072090e+01	9.089322545492102600e-04	3.309417722266479178e-02
1.170652073967188045e+01	9.094871566912181076e-04	3.290102824809365556e-02
1.177517018874303822e+01	9.100409774562567573e-04	3.271003873228189168e-02
1.184381963781419955e+01	9.105937309014305392e-04	3.252117208196168840e-02
1.191246908688535910e+01	9.111454308727939648e-04	3.233439253127238372e-02
1.198111853595651688e+01	9.116960910099548149e-04	3.214966511841669400e-02
1.204976798502767643e+01	9.122457247505748800e-04	3.196695566310069764e-02
1.211841743409883776e+01	9.127943453347201050e-04	3.178623074473697907e-02
1.218706688316999731e+01	9.133419658091224786e-04	3.160745768136950795e-02
1.225571633224115509e+01	9.138885990313101943e-04	3.143060450930185851e-02
1.232436578131231464e+01	9.144342576736334003e-04	3.125563996339628808e-02
1.239301523038347419e+01	9.149789542271869521e-04	3.108253345801890999e-02
1.246166467945463552e+01	9.155227010056295146e-04	3.091125506860747940e-02
1.253031412852579329e+01	9.160655101488961952e-04	3.074177551383786011e-02
1.259896357759695285e+01	9.166073936268243332e-04	3.057406613836478881e-02
1.266761302666811240e+01	9.171483632426852880e-04	3.040809889611780295e-02
1.273626247573927195e+01	9.176884306366125781e-04	3.024384633413076950e-02
1.280491192481042972e+01	9.182276072889580289e-04	3.008128157688452417e-02
1.287356137388159105e+01	9.187659045235589076e-04	2.992037831114353202e-02
1.294221082295275060e+01	9.193033335109131177e-04	2.976111077127045756e-02
1.301086027202390838e+01	9.198399052712857632e-04	2.960345372499911115e-02
1.307950972109506793e+01	9.203756306777313625e-04	2.944738245964902482e-02
1.314815917016622926e+01	9.209105204590454802e-04	2.929287276876749516e-02
1.321680861923738881e+01	9.214445852026351526e-04	2.913990093918250937e-02
1.328545806830854659e+01	9.219778353573294645e-04	2.898844373845109110e-02
1.335410751737970614e+01	9.225102812361117392e-04	2.883847840269136362e-02
1.342275696645086569e+01	9.230419330187868924e-04	2.868998262478154176e-02
1.349140641552202702e+01	9.235728007545877458e-04	2.854293454291616933e-02
1.356005586459318479e+01	9.241028943647144455e-04	2.839731272950475616e-02
1.362870531366434435e+01	9.246322236448157672e-04	2.825309618040149073e-02
1.369735476273550390e+01	9.251607982674020080e-04	2.811026430445593902e-02
1.376600421180666345e+01	9.256886277842135344e-04	2.796879691337040424e-02
1.383465366087782122e+01	9.262157216285234109e-04	2.782867421185726553e-02
1.390330310994898255e+01	9.267420891173869029e-04	2.768987678808372196e-02
1.397195255902014210e+01	9.272677394538406722e-04	2.755238560439350615e-02
1.404060200809129988e+01	9.277926817290449435e-04	2.741618198829939845e-02
1.410925145716245943e+01	9.283169249243819780e-04	2.728124762373353510e-02
1.417790090623362076e+01	9.288404779135052153e-04	2.714756454254884169e-02
1.424655035530478031e+01	9.293633494643298689e-04	2.701511511626506282e-02
1.431519980437593809e+01	9.298855482409929462e-04	2.688388204804605455e-02
1.438384925344709764e+01	9.304070828057575421e-04	2.675384836490720189e-02
1.445249870251825719e+01	9.309279616208769072e-04	2.662499741013892376e-02
1.452114815158941852e+01	9.314481930504147147e-04	2.649731283594536704e-02
1.458979760066057629e+01	9.319677853620295495e-04	2.637077859628569887e-02
1.465844704973173585e+01	9.324867467287068119e-04	2.624537893991578386e-02
1.472709649880289540e+01	9.330050852304670956e-04	2.612109840362077454e-02
1.479574594787405495e+01	9.335228088560156923e-04	2.599792180563563135e-02
1.486439539694521272e+01	9.340399255043862429e-04	2.587583423924207093e-02
1.493304484601637405e+01	9.345564429865088184e-04	2.575482106654402789e-02
1.500169429508753360e+01	9.350723690267738822e-04	2.563486791240929263e-02
1.507034374415869316e+01	9.355877112645532082e-04	2.551596065857465387e-02
1.513899319322985093e+01	9.361024772556769983e-04	2.539808543791078829e-02
1.520764264230101048e+01	9.366166744738915924e-04	2.528122862883928207e-02
1.527629209137217181e+01	9.371303103122799894e-04	2.516537684989897383e-02
1.534494154044332959e+01	9.376433920846477836e-04	2.505051695445592586e-02
1.541359098951448914e+01	9.381559270268888251e-04	2.493663602555251657e-02
1.548224043858564869e+01	9.386679222983122838e-04	2.482372137089320155e-02
1.555088988765681002e+01	9.391793849829413064e-04	2.471176051796033710e-02
1.561953933672796779e+01	9.396903220907930256e-04	2.460074120925714522e-02
1.568818878579912734e+01	9.402007405591218149e-04	2.449065139767428456e-02
1.575683823487028690e+01	9.407106472536370641e-04	2.438147924197614849e-02
1.582548768394144645e+01	9.412200489697015483e-04	2.427321310240321273e-02
1.589413713301260778e+01	9.417289524334988967e-04	2.416584153638600199e-02
1.596278658208376555e+01	9.422373643031777511e-04	2.405935329436952042e-02
1.603143603115492510e+01	9.427452911699699036e-04	2.395373731574294840e-02
1.610008548022608466e+01	9.432527395592924966e-04	2.384898272487176452e-02
1.616873492929724421e+01	9.437597159318201904e-04	2.374507882723077626e-02
1.623738437836840376e+01	9.442662266845339115e-04	2.364201510563276876e-02
1.630603382743956331e+01	9.447722781517565917e-04	2.353978121655254246e-02
1.637468327651072286e+01	9.452778766061627766e-04	2.343836698654047299e-02
1.644333272558188241e+01	9.457830282597603708e-04	2.333776240872711266e-02
1.651198217465304197e+01	9.462877392648675039e-04	2.323795763941141970e-02
1.658063162372420152e+01	9.467920157150608827e-04	2.313894299473437388e-02
1.664928107279536107e+01	9.472958636460984466e-04	2.304070894743387790e-02
1.671793052186651707e+01	9.477992890368407228e-04	2.294324612367670824e-02
1.678657997093768017e+01	9.483022978101359694e-04	2.284654529997029795e-02
1.685522942000883972e+01	9.488048958337062929e-04	2.275059740014547666e-02
1.692387886907999928e+01	9.493070889209907250e-04	2.265539349241541683e-02
1.699252831815115528e+01	9.498088828319992474e-04	2.256092478650180422e-02
1.706117776722231483e+01	9.503102832741363529e-04	2.246718263083123668e-02
1.712982721629347793e+01	9.508112959030066069e-04	2.237415850979780629e-02
1.719847666536463748e+01	9.513119263232040551e-04	2.228184404109106662e-02
1.726712611443579348e+01	9.518121800891001134e-04	2.219023097308507955e-02
1.733577556350695303e+01	9.523120627055993654e-04	2.209931118229095312e-02
1.740442501257811614e+01	9.528115796288942748e-04	2.200907667086739530e-02
1.747307446164927214e+01	9.533107362671905177e-04	2.191951956418985992e-02
1.754172391072043169e+01	9.538095379814340476e-04	2.183063210847613692e-02
1.761037335979159124e+01	9.543079900860169116e-04	2.174240666846634362e-02
1.767902280886275079e+01	9.548060978494726575e-04	2.165483572515664729e-02
1.774767225793391034e+01	9.553038664951509244e-04	2.156791187358460607e-02
1.781632170700506990e+01	9.558013012018948523e-04	2.148162782066578846e-02
1.788497115607622945e+01	9.562984071046879168e-04	2.139597638307854169e-02
1.795362060514738900e+01	9.567951892953047762e-04	2.131095048519735663e-02
1.802227005421854855e+01	9.572916528229404335e-04	2.122654315707335482e-02
1.809091950328970810e+01	9.577878026948318099e-04	2.114274753245867083e-02
1.815956895236086766e+01	9.582836438768665239e-04	2.105955684687676327e-02
1.822821840143202721e+01	9.587791812941832146e-04	2.097696443573472680e-02
1.829686785050318676e+01	9.592744198317595039e-04	2.089496373247780314e-02
1.836551729957434631e+01	9.597693643349897684e-04	2.081354826678503966e-02
1.843416674864550586e+01	9.602640196102532610e-04	2.073271166280448580e-02
1.850281619771666186e+01	9.607583904254678132e-04	2.065244763742752482e-02
1.857146564678782497e+01	9.612524815106462473e-04	2.057274999860033912e-02
1.864011509585898452e+01	9.617462975584285031e-04	2.049361264367293919e-02
1.870876454493014407e+01	9.622398432246119212e-04	2.041502955778398687e-02
1.877741399400130007e+01	9.627331231286781650e-04	2.033699481227977876e-02
1.884606344307246317e+01	9.632261418542922794e-04	2.025950256316880194e-02
1.891471289214362272e+01	9.637189039498212642e-04	2.018254704960814952e-02
1.898336234121478228e+01	9.642114139288174117e-04	2.010612259242340952e-02
1.905201179028593828e+01	9.647036762705097756e-04	2.003022359265928948e-02
1.912066123935709783e+01	9.651956954202824124e-04	1.995484453016184087e-02
1.918931068842826093e+01	9.656874757901439494e-04	1.987997996219019459e-02
1.925796013749942048e+01	9.661790217591940087e-04	1.980562452205782489e-02
1.932660958657057648e+01	9.666703376740759697e-04	1.973177291780268267e-02
1.939525903564173603e+01	9.671614278494279973e-04	1.965841993088441458e-02
1.946390848471289559e+01	9.676522965683183493e-04	1.958556041491018793e-02
1.953255793378405514e+01	9.681429480826921757e-04	1.951318929438523517e-02
1.960120738285521469e+01	9.686333866137866603e-04	1.944130156349111252e-02
1.966985683192637424e+01	9.691236163525564608e-04	1.936989228488823767e-02
1.973850628099753379e+01	9.696136414600958981e-04	1.929895658854259913e-02
1.980715573006869334e+01	9.701034660680345808e-04	1.922848967057861139e-02
1.987580517913985290e+01	9.705930942789507037e-04	1.915848679215257505e-02
1.994445462821101245e+01	9.710825301667551802e-04	1.908894327835229665e-02
2.001310407728217200e+01	9.715717777770960500e-04	1.901985451711567937e-02
2.008175352635333155e+01	9.720608411277352392e-04	1.895121595817428686e-02
2.015040297542449110e+01	9.725497242089234775e-04	1.888302311201642270e-02
2.021905242449565065e+01	9.730384309837817203e-04	1.881527154887127282e-02
2.028770187356681021e+01	9.735269653886673927e-04	1.874795689771436430e-02
2.035635132263796976e+01	9.740153313335306578e-04	1.868107484529160645e-02
2.042500077170912931e+01	9.745035327022808771e-04	1.861462113516392999e-02
2.049365022078028886e+01	9.749915733531337725e-04	1.854859156676980092e-02
2.056229966985144486e+01	9.754794571189576114e-04	1.848298199450747886e-02
2.063094911892260797e+01	9.759671878076214531e-04	1.841778832683408848e-02
2.069959856799376752e+01	9.764547692023279983e-04	1.835300652538368951e-02
2.076824801706492707e+01	9.769422050619511015e-04	1.828863260410138608e-02
2.083689746613608307e+01	9.774294991213626580e-04	1.822466262839516141e-02
2.090554691520724617e+01	9.779166550917554792e-04	1.816109271430426872e-02
2.097419636427840217e+01	9.784036766609664933e-04	1.809791902768284957e-02
2.104284581334956528e+01	9.788905674937918144e-04	1.803513778340059409e-02
2.111149526242072128e+01	9.793773312322979086e-04	1.797274524455759123e-02
2.118014471149188083e+01	9.798639714961286402e-04	1.791073772171529119e-02
2.124879416056304393e+01	9.803504918828125341e-04	1.784911157214142535e-02
2.131744360963419993e+01	9.808368959680589805e-04	1.778786319906971308e-02
2.138609305870535948e+01	9.813231873060570404e-04	1.772698905097333869e-02
2.145474250777651903e+01	9.818093694297621091e-04	1.766648562085314927e-02
2.152339195684767859e+01	9.822954458511975410e-04	1.760634944553760017e-02
2.159204140591884169e+01	9.827814200617241824e-04	1.754657710499753220e-02
2.166069085498999769e+01	9.832672955323365754e-04	1.748716522167276591e-02
2.172934030406115724e+01	9.837530757139255518e-04	1.742811045981230988e-02
2.179798975313231679e+01	9.842387640375698833e-04	1.736940952482534870e-02
2.186663920220347634e+01	9.847243639147995262e-04	1.731105916264585529e-02
2.193528865127463234e+01	9.852098787378612502e-04	1.725305615910818074e-02
2.200393810034579545e+01	9.856953118799905572e-04	1.719539733933421466e-02
2.207258754941695500e+01	9.861806666956701543e-04	1.713807956713221323e-02
2.214123699848811100e+01	9.866659465208892955e-04	1.708109974440596632e-02
2.220988644755927410e+01	9.871511546734009542e-04	1.702445481057596882e-02
2.227853589663043010e+01	9.876362944529792128e-04	1.696814174200947031e-02
2.234718534570159321e+01	9.881213691416619073e-04	1.691215755146265737e-02
2.241583479477275276e+01	9.886063820040006441e-04	1.685649928753194665e-02
2.248448424384390876e+01	9.890913362873110341e-04	1.680116403411499246e-02
2.255313369291507186e+01	9.895762352219110002e-04	1.674614890988240790e-02
2.262178314198622786e+01	9.900610820213590849e-04	1.669145106775790990e-02
2.269043259105738741e+01	9.905458798826942760e-04	1.663706769440857769e-02
2.275908204012855052e+01	9.910306319866706275e-04	1.658299600974370500e-02
2.282773148919970652e+01	9.915153414979840756e-04	1.652923326642317253e-02
2.289638093827086607e+01	9.920000115655113956e-04	1.647577674937354339e-02
2.296503038734202562e+01	9.924846453225298626e-04	1.642262377531372372e-02
2.303367983641318517e+01	9.929692458869423307e-04	1.636977169228868295e-02
2.310232928548434828e+01	9.934538163615057836e-04	1.631721787921097330e-02
2.317097873455550427e+01	9.939383598340423200e-04	1.626495974541117620e-02
2.323962818362666383e+01	9.944228793776674867e-04	1.621299473019502044e-02
2.330827763269782693e+01	9.949073780509984453e-04	1.616132030240935435e-02
2.337692708176898293e+01	9.953918588983686443e-04	1.610993396001485570e-02
2.344557653084014248e+01	9.958763249500459606e-04	1.605883322966679752e-02
2.351422597991130203e+01	9.963607792224278559e-04	1.600801566630262462e-02
2.358287542898246159e+01	9.968452247182684085e-04	1.595747885273646888e-02
2.365152487805362469e+01	9.973296644268615438e-04	1.590722039926155060e-02
2.372017432712478069e+01	9.978141013242661141e-04	1.585723794325808247e-02
2.378882377619594024e+01	9.982985383734902136e-04	1.580752914880907342e-02
2.385747322526709979e+01	9.987829785246989112e-04	1.575809170632189518e-02
2.392612267433825934e+01	9.992674247154128761e-04	1.570892333215654496e-02
2.399477212340941534e+01	9.997518798706989812e-04	1.566002176826039941e-02
2.406342157248057845e+01	1.000236346903365676e-03	1.561138478180878510e-02
2.413207102155173800e+01	1.000720828714158576e-03	1.556301016485185304e-02
2.420072047062289400e+01	1.001205328191945862e-03	1.551489573396720549e-02
2.426936991969405710e+01	1.001689848213913655e-03	1.546703932991837054e-02
2.433801936876521310e+01	1.002174391645742303e-03	1.541943881731937249e-02
2.440666881783637621e+01	1.002658961341800674e-03	1.537209208430424454e-02
2.447531826690753576e+01	1.003143560145329603e-03	1.532499704220223469e-02
2.454396771597869176e+01	1.003628190888616011e-03	1.527815162521884741e-02
2.461261716504985486e+01	1.004112856393179608e-03	1.523155379012171642e-02
2.468126661412101086e+01	1.004597559469949837e-03	1.518520151593147176e-02
2.474991606319217041e+01	1.005082302919444977e-03	1.513909280361817183e-02
2.481856551226333352e+01	1.005567089531941936e-03	1.509322567580238979e-02
2.488721496133448952e+01	1.006051922087656657e-03	1.504759817646145366e-02
2.495586441040565262e+01	1.006536803356911959e-03	1.500220837063999217e-02
2.502451385947680862e+01	1.007021736100311001e-03	1.495705434416566559e-02
2.509316330854796817e+01	1.007506723068907727e-03	1.491213420336912586e-02
2.516181275761913128e+01	1.007991767004370789e-03	1.486744607480905596e-02
2.523046220669028727e+01	1.008476870639154425e-03	1.482298810500079153e-02
2.529911165576144683e+01	1.008962036696661735e-03	1.477875846015008245e-02
2.536776110483260993e+01	1.009447267891411650e-03	1.473475532589068118e-02
2.543641055390376593e+01	1.009932566929192888e-03	1.469097690702637557e-02
2.550506000297492193e+01	1.010417936507236342e-03	1.464742142727684139e-02
2.557370945204608503e+01	1.010903379314365353e-03	1.460408712902775373e-02
2.564235890111724459e+01	1.011388898031163755e-03	1.456097227308483615e-02
2.571100835018840769e+01	1.011874495330122685e-03	1.451807513843173143e-02
2.577965779925956369e+01	1.012360173875802337e-03	1.447539402199179460e-02
2.584830724833072324e+01	1.012845936324991997e-03	1.443292723839321307e-02
2.591695669740188279e+01	1.013331785326846866e-03	1.439067311973884870e-02
2.598560614647304234e+01	1.013817723523061966e-03	1.434863001537804543e-02
2.605425559554419834e+01	1.014303753548002895e-03	1.430679629168385252e-02
2.612290504461536145e+01	1.014789878028871280e-03	1.426517033183194796e-02
2.619155449368652100e+01	1.015276099585843981e-03	1.422375053558455789e-02
2.626020394275768055e+01	1.015762420832222717e-03	1.418253531907643500e-02
2.632885339182884010e+01	1.016248844374582601e-03	1.414152311460508717e-02
2.639750284089999610e+01	1.016735372812915469e-03	1.410071237042346756e-02
2.646615228997115921e+01	1.017222008740774949e-03	1.406010155053646730e-02
2.653480173904231876e+01	1.017708754745416970e-03	1.401968913450040051e-02
2.660345118811347831e+01	1.018195613407944398e-03	1.397947361722499948e-02
2.667210063718463786e+01	1.018682587303446898e-03	1.393945350877917946e-02
2.674075008625579386e+01	1.019169679001140361e-03	1.389962733419927189e-02
2.680939953532695696e+01	1.019656891064505246e-03	1.385999363330045302e-02
2.687804898439811652e+01	1.020144226051424496e-03	1.382055096049078502e-02
2.694669843346927252e+01	1.020631686514320144e-03	1.378129788458807951e-02
2.701534788254043562e+01	1.021119275000288403e-03	1.374223298863984540e-02
2.708399733161159162e+01	1.021606994051236497e-03	1.370335486974528366e-02
2.715264678068275472e+01	1.022094846204011677e-03	1.366466213888078117e-02
2.722129622975391428e+01	1.022582833990535881e-03	1.362615342072733167e-02
2.728994567882507027e+01	1.023070959937941258e-03	1.358782735350070291e-02
2.735859512789623338e+01	1.023559226568695720e-03	1.354968258878429255e-02
2.742724457696739293e+01	1.024047636400732394e-03	1.351171779136443180e-02
2.749589402603854893e+01	1.024536191947581247e-03	1.347393163906786089e-02
2.756454347510971203e+01	1.025024895718495716e-03	1.343632282260189686e-02
2.763319292418086803e+01	1.025513750218581084e-03	1.339889004539677152e-02
2.770184237325202758e+01	1.026002757948916121e-03	1.336163202345040484e-02
2.777049182232319069e+01	1.026491921406685794e-03	1.332454748517519945e-02
2.783914127139434669e+01	1.026981243085295110e-03	1.328763517124762102e-02
2.790779072046550979e+01	1.027470725474502250e-03	1.325089383445919242e-02
2.797644016953666579e+01	1.027960371060537186e-03	1.321432223957021146e-02
2.804508961860782534e+01	1.028450182326219641e-03	1.317791916316568036e-02
2.811373906767898845e+01	1.028940161751087240e-03	1.314168339351263516e-02
2.818238851675014445e+01	1.029430311811508269e-03	1.310561373042018821e-02
2.825103796582130400e+01	1.029920634980811345e-03	1.306970898510133663e-02
2.831968741489246355e+01	1.030411133729385812e-03	1.303396798003690280e-02
2.838833686396362310e+01	1.030901810524822689e-03	1.299838954884098043e-02
2.845698631303477910e+01	1.031392667832008777e-03	1.296297253612886669e-02
2.852563576210594221e+01	1.031883708113259151e-03	1.292771579738655023e-02
2.859428521117710176e+01	1.032374933828425359e-03	1.289261819884206066e-02
2.866293466024826131e+01	1.032866347435010138e-03	1.285767861733864807e-02
2.873158410931942086e+01	1.033357951388282981e-03	1.282289594021006861e-02
2.880023355839057686e+01	1.033849748141393117e-03	1.278826906515702702e-02
2.886888300746173996e+01	1.034341740145474893e-03	1.275379690012599584e-02
2.893753245653289952e+01	1.034833929849778315e-03	1.271947836318907017e-02
2.900618190560405552e+01	1.035326319701757296e-03	1.268531238242618861e-02
2.907483135467521862e+01	1.035818912147192178e-03	1.265129789580857721e-02
2.914348080374637462e+01	1.036311709630298363e-03	1.261743385108386045e-02
2.921213025281753772e+01	1.036804714593833870e-03	1.258371920566282200e-02
2.928077970188869728e+01	1.037297929479207752e-03	1.255015292650775785e-02
2.934942915095985327e+01	1.037791356726589171e-03	1.251673399002237869e-02
2.941807860003101638e+01	1.038284998775009307e-03	1.248346138194316932e-02
2.948672804910217238e+01	1.038778858062476941e-03	1.245033409723216369e-02
2.955537749817333193e+01	1.039272937026073209e-03	1.241735113997160904e-02
2.962402694724449503e+01	1.039767238102064575e-03	1.238451152325949038e-02
2.969267639631565103e+01	1.040261763726007573e-03	1.235181426910676207e-02
2.976132584538681058e+01	1.040756516332847024e-03	1.231925840833611278e-02
2.982997529445797369e+01	1.041251498357023599e-03	1.228684298048189801e-02
2.989862474352912969e+01	1.041746712232576814e-03	1.225456703369168232e-02
2.996727419260029279e+01	1.042242160393245425e-03	1.222242962462845479e-02
3.003592364167144879e+01	1.042737845272571516e-03	1.219042981837524173e-02
3.010457309074260834e+01	1.043233769303996339e-03	1.215856668834012014e-02
3.017322253981377145e+01	1.043729934920970036e-03	1.212683931616264157e-02
3.024187198888492745e+01	1.044226344557043148e-03	1.209524679162207739e-02
3.031052143795608700e+01	1.044723000645970479e-03	1.206378821254605778e-02
3.037917088702724655e+01	1.045219905621811492e-03	1.203246268472112773e-02
3.044782033609840610e+01	1.045717061919023989e-03	1.200126932180429346e-02
3.051646978516956210e+01	1.046214471972570139e-03	1.197020724523523323e-02
3.058511923424072521e+01	1.046712138218002788e-03	1.193927558415072004e-02
3.065376868331188476e+01	1.047210063091577560e-03	1.190847347529904766e-02
3.072241813238304431e+01	1.047708249030335041e-03	1.187780006295645167e-02
3.079106758145420386e+01	1.048206698472207250e-03	1.184725449884408734e-02
3.085971703052535986e+01	1.048705413856111743e-03	1.181683594204637963e-02
3.092836647959652296e+01	1.049204397622040524e-03	1.178654355893050433e-02
3.099701592866768252e+01	1.049703652211166289e-03	1.175637652306645020e-02
3.106566537773883852e+01	1.050203180065927651e-03	1.172633401514880380e-02
3.113431482681000162e+01	1.050702983630132569e-03	1.169641522291892111e-02
3.120296427588115762e+01	1.051203065349039234e-03	1.166661934108872457e-02
3.127161372495232072e+01	1.051703427669466867e-03	1.163694557126472226e-02
3.134026317402348027e+01	1.052204073039875740e-03	1.160739312187389176e-02
3.140891262309463627e+01	1.052705003910462149e-03	1.157796120808982261e-02
3.147756207216579938e+01	1.053206222733260979e-03	1.154864905176006089e-02
3.154621152123695538e+01	1.053707731962224203e-03	1.151945588133460388e-02
3.161486097030811493e+01	1.054209534053324529e-03	1.149038093179479553e-02
3.168351041937927803e+01	1.054711631464637801e-03	1.146142344458369634e-02
3.175215986845043403e+01	1.055214026656443827e-03	1.143258266753692867e-02
3.182080931752159358e+01	1.055716722091311387e-03	1.140385785481460267e-02
3.188945876659275669e+01	1.056219720234187779e-03	1.137524826683415299e-02
3.195810821566391269e+01	1.056723023552499224e-03	1.134675317020366996e-02
3.202675766473507224e+01	1.057226634516229792e-03	1.131837183765676755e-02
3.209540711380623179e+01	1.057730555598018762e-03	1.129010354798740123e-02
3.216405656287739134e+01	1.058234789273249533e-03	1.126194758598618451e-02
3.223270601194855089e+01	1.058739338020138303e-03	1.123390324237735251e-02
3.230135546101971045e+01	1.059244204319825149e-03	1.120596981375616627e-02
3.237000491009087000e+01	1.059749390656461844e-03	1.117814660252762493e-02
3.243865435916202955e+01	1.060254899517304450e-03	1.115043291684562378e-02
3.250730380823318910e+01	1.060760733392797665e-03	1.112282807055288425e-02
3.257595325730434865e+01	1.061266894776669153e-03	1.109533138312166281e-02
3.264460270637550821e+01	1.061773386166016062e-03	1.106794217959536190e-02
3.271325215544666776e+01	1.062280210061394359e-03	1.104065979053049998e-02
3.278190160451782731e+01	1.062787368966901886e-03	1.101348355193999991e-02
3.285055105358898686e+01	1.063294865390281788e-03	1.098641280523628139e-02
3.291920050266014641e+01	1.063802701842994722e-03	1.095944689717591285e-02
3.298784995173130596e+01	1.064310880840317088e-03	1.093258517980450796e-02
3.305649940080246552e+01	1.064819404901425808e-03	1.090582701040248605e-02
3.312514884987362507e+01	1.065328276549485503e-03	1.087917175143126268e-02
3.319379829894478462e+01	1.065837498311745851e-03	1.085261877048015154e-02
3.326244774801594417e+01	1.066347072719614660e-03	1.082616744021432272e-02
3.333109719708710372e+01	1.066857002308761303e-03	1.079981713832269506e-02
3.339974664615826327e+01	1.067367289619195001e-03	1.077356724746704464e-02
3.346839609522942283e+01	1.067877937195356322e-03	1.074741715523148435e-02
3.353704554430058238e+01	1.068388947586206093e-03	1.072136625407253165e-02
3.360569499337174193e+01	1.068900323345315382e-03	1.069541394126981119e-02
3.367434444244289438e+01	1.069412067030953758e-03	1.066955961887748605e-02
3.374299389151406103e+01	1.069924181206167134e-03	1.064380269367601502e-02
3.381164334058522059e+01	1.070436668438885753e-03	1.061814257712465071e-02
3.388029278965637303e+01	1.070949531301998566e-03	1.059257868531456211e-02
3.394894223872753969e+01	1.071462772373443870e-03	1.056711043892238390e-02
3.401759168779869213e+01	1.071976394236301682e-03	1.054173726316432955e-02
3.408624113686985879e+01	1.072490399478883945e-03	1.051645858775090980e-02
3.415489058594101834e+01	1.073004790694816061e-03	1.049127384684222369e-02
3.422354003501217079e+01	1.073519570483137718e-03	1.046618247900357387e-02
3.429218948408333745e+01	1.074034741448378792e-03	1.044118392716191987e-02
3.436083893315449700e+01	1.074550306200662986e-03	1.041627763856258805e-02
3.442948838222564945e+01	1.075066267355785686e-03	1.039146306472654366e-02
3.449813783129681610e+01	1.075582627535314134e-03	1.036673966140822141e-02
3.456678728036796855e+01	1.076099389366664411e-03	1.034210688855395285e-02
3.463543672943913521e+01	1.076616555483210285e-03	1.031756421026049086e-02
3.470408617851029476e+01	1.077134128524355862e-03	1.029311109473450038e-02
3.477273562758144720e+01	1.077652111135639443e-03	1.026874701425228333e-02
3.484138507665261386e+01	1.078170505968818749e-03	1.024447144511970997e-02
3.491003452572376631e+01	1.078689315681960687e-03	1.022028386763332644e-02
3.497868397479492586e+01	1.079208542939540669e-03	1.019618376604107014e-02
3.504733342386609252e+01	1.079728190412527393e-03	1.017217062850409026e-02
3.511598287293724496e+01	1.080248260778477170e-03	1.014824394705871914e-02
3.518463232200840451e+01	1.080768756721631717e-03	1.012440321757877675e-02
3.525328177107956407e+01	1.081289680933003811e-03	1.010064793973860890e-02
3.532193122015072362e+01	1.081811036110471615e-03	1.007697761697638229e-02
3.539058066922189028e+01	1.082332824958882975e-03	1.005339175645760495e-02
3.545923011829304272e+01	1.082855050190133488e-03	1.002988986903959913e-02
3.552787956736420227e+01	1.083377714523274049e-03	1.000647146923572262e-02
3.559652901643536183e+01	1.083900820684598892e-03	9.983136075180519889e-03
3.566517846550652138e+01	1.084424371407746853e-03	9.959883208594911413e-03
3.573382791457768093e+01	1.084948369433789625e-03	9.936712394752076835e-03
3.580247736364884048e+01	1.085472817511335189e-03	9.913623162443417972e-03
3.587112681272000003e+01	1.085997718396619323e-03	9.890615043945246918e-03
3.593977626179115958e+01	1.086523074853607083e-03	9.867687574985444660e-03
3.600842571086231914e+01	1.087048889654088860e-03	9.844840294710848275e-03
3.607707515993347869e+01	1.087575165577778832e-03	9.822072745654877521e-03
3.614572460900463824e+01	1.088101905412412751e-03	9.799384473705362655e-03
3.621437405807579779e+01	1.088629111953848564e-03	9.776775028073099102e-03
3.628302350714695734e+01	1.089156788006167024e-03	9.754243961260226914e-03
3.635167295621811689e+01	1.089684936381770351e-03	9.731790829029621573e-03
3.642032240528927645e+01	1.090213559901483716e-03	9.709415190373948262e-03
3.648897185436043600e+01	1.090742661394656287e-03	9.687116607485548800e-03
3.655762130343159555e+01	1.091272243699267048e-03	9.664894645726493372e-03
3.662627075250275510e+01	1.091802309662022810e-03	9.642748873598748494e-03
3.669492020157391465e+01	1.092332862138464030e-03	9.620678862715175902e-03
3.676356965064507420e+01	1.092863903993074315e-03	9.598684187770331958e-03
3.683221909971623376e+01	1.093395438099366724e-03	9.576764426511837763e-03
3.690086854878739331e+01	1.093927467340015175e-03	9.554919159712165627e-03
3.696951799785855286e+01	1.094459994606939877e-03	9.533147971140390822e-03
3.703816744692971241e+01	1.094993022801426163e-03	9.511450447534647648e-03
3.710681689600087196e+01	1.095526554834227268e-03	9.489826178574481408e-03
3.717546634507203152e+01	1.096060593625665814e-03	9.468274756853922031e-03
3.724411579414319107e+01	1.096595142105761742e-03	9.446795777854477896e-03
3.731276524321435062e+01	1.097130203214322520e-03	9.425388839918677833e-03
3.738141469228551017e+01	1.097665779901061322e-03	9.404053544223748423e-03
3.745006414135666972e+01	1.098201875125710218e-03	9.382789494755681622e-03
3.751871359042782927e+01	1.098738491858130975e-03	9.361596298283297174e-03
3.758736303949898883e+01	1.099275633078428908e-03	9.340473564333149833e-03
3.765601248857014838e+01	1.099813301777059337e-03	9.319420905164131283e-03
3.772466193764130793e+01	1.100351500954953581e-03	9.298437935742646238e-03
3.779331138671246038e+01	1.100890233623624120e-03	9.277524273717908249e-03
3.786196083578362703e+01	1.101429502805290799e-03	9.256679539397686535e-03
3.793061028485478658e+01	1.101969311532985342e-03	9.235903355724123936e-03
3.799925973392594614e+01	1.102509662850683411e-03	9.215195348249740487e-03
3.806790918299710569e+01	1.103050559813412591e-03	9.194555145114092706e-03
3.813655863206825813e+01	1.103592005487374472e-03	9.173982377020243814e-03
3.820520808113942479e+01	1.104134002950073450e-03	9.153476677211587823e-03
3.827385753021058434e+01	1.104676555290426019e-03	9.133037681449187109e-03
3.834250697928173679e+01	1.105219665608891304e-03	9.112665027988934782e-03
3.841115642835290345e+01	1.105763337017596180e-03	9.092358357559240933e-03
3.847980587742405589e+01	1.106307572640447164e-03	9.072117313338812564e-03
3.854845532649521544e+01	1.106852375613272873e-03	9.051941540934832497e-03
3.861710477556638210e+01	1.107397749083945029e-03	9.031830688361110540e-03
3.868575422463753455e+01	1.107943696212496196e-03	9.011784406016678725e-03
3.875440367370870121e+01	1.108490220171263769e-03	8.991802346664452480e-03
3.882305312277986076e+01	1.109037324145004891e-03	8.971884165410330680e-03
3.889170257185101320e+01	1.109585011331040445e-03	8.952029519682181205e-03
3.896035202092217986e+01	1.110133284939376908e-03	8.932238069209365999e-03
3.902900146999333231e+01	1.110682148192847522e-03	8.912509476002243580e-03
3.909765091906449186e+01	1.111231604327234807e-03	8.892843404332077470e-03
3.916630036813565852e+01	1.111781656591419960e-03	8.873239520710870035e-03
3.923494981720681096e+01	1.112332308247509279e-03	8.853697493871751437e-03
3.930359926627797051e+01	1.112883562570972287e-03	8.834216994749344298e-03
3.937224871534913007e+01	1.113435422850788097e-03	8.814797696460313983e-03
3.944089816442028962e+01	1.113987892389567717e-03	8.795439274284168676e-03
3.950954761349145627e+01	1.114540974503719275e-03	8.776141405644387328e-03
3.957819706256260872e+01	1.115094672523568803e-03	8.756903770089410552e-03
3.964684651163376827e+01	1.115648989793515929e-03	8.737726049274264703e-03
3.971549596070492782e+01	1.116203929672172435e-03	8.718607926941887576e-03
3.978414540977608738e+01	1.116759495532509928e-03	8.699549088905017893e-03
3.985279485884724693e+01	1.117315690762009459e-03	8.680549223028079589e-03
3.992144430791840648e+01	1.117872518762803120e-03	8.661608019209284665e-03
3.999009375698956603e+01	1.118429982951825831e-03	8.642725169362996257e-03
4.005874320606072558e+01	1.118988086760977323e-03	8.623900367402077827e-03
4.012739265513188514e+01	1.119546833637254839e-03	8.605133309220637863e-03
4.019604210420304469e+01	1.120106227042918590e-03	8.586423692676693059e-03
4.026469155327420424e+01	1.120666270455647007e-03	8.567771217575372716e-03
4.033334100234536379e+01	1.121226967368685930e-03	8.549175585651765802e-03
4.040199045141652334e+01	1.121788321291015142e-03	8.530636500554482707e-03
4.047063990048768289e+01	1.122350335747493650e-03	8.512153667829034862e-03
4.053928934955884245e+01	1.122913014279035109e-03	8.493726794901462415e-03
4.060793879863000200e+01	1.123476360442762865e-03	8.475355591062060795e-03
4.067658824770116155e+01	1.124040377812163477e-03	8.457039767449499312e-03
4.074523769677232110e+01	1.124605069977269514e-03	8.438779037034712521e-03
4.081388714584348065e+01	1.125170440544808305e-03	8.420573114605331075e-03
4.088253659491464020e+01	1.125736493138380836e-03	8.402421716750031050e-03
4.095118604398579976e+01	1.126303231398620474e-03	8.384324561843056745e-03
4.101983549305695931e+01	1.126870658983374247e-03	8.366281370028965519e-03
4.108848494212811886e+01	1.127438779567863959e-03	8.348291863207443764e-03
4.115713439119927841e+01	1.128007596844865512e-03	8.330355765018419498e-03
4.122578384027043796e+01	1.128577114524879346e-03	8.312472800826970279e-03
4.129443328934159751e+01	1.129147336336312367e-03	8.294642697708892037e-03
4.136308273841275707e+01	1.129718266025645564e-03	8.276865184435894945e-03
4.143173218748391662e+01	1.130289907357625483e-03	8.259139991461272867e-03
4.150038163655507617e+01	1.130862264115429887e-03	8.241466850905574543e-03
4.156903108562623572e+01	1.131435340100871156e-03	8.223845496542354569e-03
4.163768053469739527e+01	1.132009139134559786e-03	8.206275663784238367e-03
4.170632998376855483e+01	1.132583665056090434e-03	8.188757089669112046e-03
4.177497943283971438e+01	1.133158921724249655e-03	8.171289512846008699e-03
4.184362888191087393e+01	1.133734913017181564e-03	8.153872673561780512e-03
4.191227833098202638e+01	1.134311642832589286e-03	8.136506313647469055e-03
4.198092778005318593e+01	1.134889115087927289e-03	8.119190176504776160e-03
4.204957722912434548e+01	1.135467333720585051e-03	8.101924007093107283e-03
4.211822667819551214e+01	1.136046302688095873e-03	8.084707551916087490e-03
4.218687612726667169e+01	1.136626025968320332e-03	8.067540559008710629e-03
4.225552557633782413e+01	1.137206507559661382e-03	8.050422777924323703e-03
4.232417502540898369e+01	1.137787751481242164e-03	8.033353959722095219e-03
4.239282447448014324e+01	1.138369761773128704e-03	8.016333856953909362e-03
4.246147392355130279e+01	1.138952542496525716e-03	7.999362223652111900e-03
4.253012337262246945e+01	1.139536097733977833e-03	7.982438815317021916e-03
4.259877282169362189e+01	1.140120431589579288e-03	7.965563388904577102e-03
4.266742227076478144e+01	1.140705548189185122e-03	7.948735702814060597e-03
4.273607171983594100e+01	1.141291451680625417e-03	7.931955516875985671e-03
4.280472116890710055e+01	1.141878146233905661e-03	7.915222592340152158e-03
4.287337061797826721e+01	1.142465636041436160e-03	7.898536691863774009e-03
4.294202006704942676e+01	1.143053925318232187e-03	7.881897579499575618e-03
4.301066951612057920e+01	1.143643018302148385e-03	7.865305020684127540e-03
4.307931896519173876e+01	1.144232919254084763e-03	7.848758782226426811e-03
4.314796841426289831e+01	1.144823632458216332e-03	7.832258632296138987e-03
4.321661786333405075e+01	1.145415162222218836e-03	7.815804340412450812e-03
4.328526731240522452e+01	1.146007512877480605e-03	7.799395677432719928e-03
4.335391676147637696e+01	1.146600688779352353e-03	7.783032415541171409e-03
4.342256621054753651e+01	1.147194694307352315e-03	7.766714328238073090e-03
4.349121565961869607e+01	1.147789533865414954e-03	7.750441190328432976e-03
4.355986510868984851e+01	1.148385211882120603e-03	7.734212777911420034e-03
4.362851455776102227e+01	1.148981732810919242e-03	7.718028868369281904e-03
4.369716400683217472e+01	1.149579101130391570e-03	7.701889240356843760e-03
4.376581345590333427e+01	1.150177321344457828e-03	7.685793673790791182e-03
4.383446290497449382e+01	1.150776397982651881e-03	7.669741949839207172e-03
4.390311235404565338e+01	1.151376335600336762e-03	7.653733850911110040e-03
4.397176180311680582e+01	1.151977138778962273e-03	7.637769160646081489e-03
4.404041125218797248e+01	1.152578812126318257e-03	7.621847663903998787e-03
4.410906070125913203e+01	1.153181360276772042e-03	7.605969146754990723e-03
4.417771015033029158e+01	1.153784787891530593e-03	7.590133396469243496e-03
4.424635959940145113e+01	1.154389099658885767e-03	7.574340201506971418e-03
4.431500904847260358e+01	1.154994300294479937e-03	7.558589351508596642e-03
4.438365849754377024e+01	1.155600394541556226e-03	7.542880637284858636e-03
4.445230794661492979e+01	1.156207387171221106e-03	7.527213850807062435e-03
4.452095739568608934e+01	1.156815282982711322e-03	7.511588785197452663e-03
4.458960684475724889e+01	1.157424086803652153e-03	7.496005234719544177e-03
4.465825629382840134e+01	1.158033803490333231e-03	7.480462994768674774e-03
4.472690574289956800e+01	1.158644437927971137e-03	7.464961861862491957e-03
4.479555519197072755e+01	1.159255995030977412e-03	7.449501633631757172e-03
4.486420464104188710e+01	1.159868479743253250e-03	7.434082108810826511e-03
4.493285409011304665e+01	1.160481897038440806e-03	7.418703087228670050e-03
4.500150353918419910e+01	1.161096251920213556e-03	7.403364369799540767e-03
4.507015298825535865e+01	1.161711549422566204e-03	7.388065758514063275e-03
4.513880243732652531e+01	1.162327794610078366e-03	7.372807056430197639e-03
4.520745188639768486e+01	1.162944992578223129e-03	7.357588067664265659e-03
4.527610133546884441e+01	1.163563148453642228e-03	7.342408597382161888e-03
4.534475078453999686e+01	1.164182267394438773e-03	7.327268451790586341e-03
4.541340023361115641e+01	1.164802354590473458e-03	7.312167438128252921e-03
4.548204968268232307e+01	1.165423415263665101e-03	7.297105364657370183e-03
4.555069913175348262e+01	1.166045454668280558e-03	7.282082040654975531e-03
4.561934858082464217e+01	1.166668478091245674e-03	7.267097276404435070e-03
4.568799802989579462e+01	1.167292490852446258e-03	7.252150883187004175e-03
4.575664747896695417e+01	1.167917498305027970e-03	7.237242673273560668e-03
4.582529692803811372e+01	1.168543505835724187e-03	7.222372459916005794e-03
4.589394637710928038e+01	1.169170518865149822e-03	7.207540057339371226e-03
4.596259582618043993e+01	1.169798542848128967e-03	7.192745280733375303e-03
4.603124527525159237e+01	1.170427583274007578e-03	7.177987946244409473e-03
4.609989472432275193e+01	1.171057645666978521e-03	7.163267870967349529e-03
4.616854417339391148e+01	1.171688735586402493e-03	7.148584872937724204e-03
4.623719362246507814e+01	1.172320858627136104e-03	7.133938771123581914e-03
4.630584307153623769e+01	1.172954020419864291e-03	7.119329385417849307e-03
4.637449252060739013e+01	1.173588226631435338e-03	7.104756536630082650e-03
4.644314196967854969e+01	1.174223482965187221e-03	7.090220046479194134e-03
4.651179141874970924e+01	1.174859795161297587e-03	7.075719737585321224e-03
4.658044086782086879e+01	1.175497168997125712e-03	7.061255433462388167e-03
4.664909031689203545e+01	1.176135610287551208e-03	7.046826958510355246e-03
4.671773976596318789e+01	1.176775124885329205e-03	7.032434138007822785e-03
4.678638921503434744e+01	1.177415718681440980e-03	7.018076798104407911e-03
4.685503866410550700e+01	1.178057397605453268e-03	7.003754765813250543e-03
4.692368811317666655e+01	1.178700167625868888e-03	6.989467869003720621e-03
4.699233756224783320e+01	1.179344034750505130e-03	6.975215936394009962e-03
4.706098701131898565e+01	1.179989005026836364e-03	6.960998797543862041e-03
4.712963646039014520e+01	1.180635084542394327e-03	6.946816282847328647e-03
4.719828590946130475e+01	1.181282279425111383e-03	6.932668223525464968e-03
4.726693535853247141e+01	1.181930595843719073e-03	6.918554451619290946e-03
4.733558480760363096e+01	1.182580040008121948e-03	6.904474799982677179e-03
4.740423425667479052e+01	1.183230618169780731e-03	6.890429102275206531e-03
4.747288370574594296e+01	1.183882336622104790e-03	6.876417192955245651e-03
4.754153315481710251e+01	1.184535201700841374e-03	6.862438907272882041e-03
4.761018260388826207e+01	1.185189219784476547e-03	6.848494081263086647e-03
4.767883205295942872e+01	1.185844397294635042e-03	6.834582551738808791e-03
4.774748150203058827e+01	1.186500740696478599e-03	6.820704156284076308e-03
4.781613095110174072e+01	1.187158256499125115e-03	6.806858733247278699e-03
4.788478040017290027e+01	1.187816951256062594e-03	6.793046121734468493e-03
4.795342984924405982e+01	1.188476831565551169e-03	6.779266161602441436e-03
4.802207929831522648e+01	1.189137904071071528e-03	6.765518693452239954e-03
4.809072874738638603e+01	1.189800175461727151e-03	6.751803558622562068e-03
4.815937819645753848e+01	1.190463652472692523e-03	6.738120599182915310e-03
4.822802764552869803e+01	1.191128341885640306e-03	6.724469657927397738e-03
4.829667709459985758e+01	1.191794250529191936e-03	6.710850578367928178e-03
4.836532654367101713e+01	1.192461385279356724e-03	6.697263204727876319e-03
4.843397599274218379e+01	1.193129753059978980e-03	6.683707381935609544e-03
4.850262544181333624e+01	1.193799360843210075e-03	6.670182955618060572e-03
4.857127489088449579e+01	1.194470215649952533e-03	6.656689772094501537e-03
4.863992433995565534e+01	1.195142324550337509e-03	6.643227678369918211e-03
4.870857378902681489e+01	1.195815694664197938e-03	6.629796522128995721e-03
4.877722323809798155e+01	1.196490333161537127e-03	6.616396151729684455e-03
4.884587268716913400e+01	1.197166247263025968e-03	6.603026416197141542e-03
4.891452213624029355e+01	1.197843444240476087e-03	6.589687165217257732e-03
4.898317158531145310e+01	1.198521931417344862e-03	6.576378249130760204e-03
4.905182103438261265e+01	1.199201716169242616e-03	6.563099518926896435e-03
4.912047048345377931e+01	1.199882805924421805e-03	6.549850826237481501e-03
4.918911993252493176e+01	1.200565208164308499e-03	6.536632023330629648e-03
4.925776938159609131e+01	1.201248930424010436e-03	6.523442963104827616e-03
4.932641883066725086e+01	1.201933980292851098e-03	6.510283499083045246e-03
4.939506827973841041e+01	1.202620365414895122e-03	6.497153485406401141e-03
4.946371772880956286e+01	1.203308093489499284e-03	6.484052776828516142e-03
4.953236717788072951e+01	1.203997172271838558e-03	6.470981228709477354e-03
4.960101662695188907e+01	1.204687609573487465e-03	6.457938697009811720e-03
4.966966607602304862e+01	1.205379413262961307e-03	6.444925038284823882e-03
4.973831552509420817e+01	1.206072591266286673e-03	6.431940109678517710e-03
4.980696497416536062e+01	1.206767151567586906e-03	6.418983768917974932e-03
4.987561442323652727e+01	1.207463102209656953e-03	6.406055874307359059e-03
4.994426387230768682e+01	1.208160451294555335e-03	6.393156284722151771e-03
5.001291332137884638e+01	1.208859206984205662e-03	6.380284859603588786e-03
5.008156277045000593e+01	1.209559377501005740e-03	6.367441458952659457e-03
5.015021221952115837e+01	1.210260971128442747e-03	6.354625943324514886e-03
5.021886166859231793e+01	1.210963996211714914e-03	6.341838173822738137e-03
5.028751111766348458e+01	1.211668461158371636e-03	6.329078012093742808e-03
5.035616056673464414e+01	1.212374374438942529e-03	6.316345320320958245e-03
5.042481001580580369e+01	1.213081744587606817e-03	6.303639961219359954e-03
5.049345946487695613e+01	1.213790580202837562e-03	6.290961798029691236e-03
5.056210891394811568e+01	1.214500889948087747e-03	6.278310694512966722e-03
5.063075836301928234e+01	1.215212682552455981e-03	6.265686514944818902e-03
5.069940781209044189e+01	1.215925966811385369e-03	6.253089124109968699e-03
5.076805726116160145e+01	1.216640751587361744e-03	6.240518387296665678e-03
5.083670671023275389e+01	1.217357045810622948e-03	6.227974170291123920e-03
5.090535615930391344e+01	1.218074858479885249e-03	6.215456339372031624e-03
5.097400560837507300e+01	1.218794198663071277e-03	6.202964761304921928e-03
5.104265505744623965e+01	1.219515075498053781e-03	6.190499303336875932e-03
5.111130450651739920e+01	1.220237498193413707e-03	6.178059833190863159e-03
5.117995395558855165e+01	1.220961476029205428e-03	6.165646219060369991e-03
5.124860340465971120e+01	1.221687018357739537e-03	6.153258329603806046e-03
5.131725285373087075e+01	1.222414134604364990e-03	6.140896033939253172e-03
5.138590230280203741e+01	1.223142834268276836e-03	6.128559201638847549e-03
5.145455175187319696e+01	1.223873126923344119e-03	6.116247702723420256e-03
5.152320120094434941e+01	1.224605022218916732e-03	6.103961407657016412e-03
5.159185065001550896e+01	1.225338529880690619e-03	6.091700187341540958e-03
5.166050009908666851e+01	1.226073659711546075e-03	6.079463913111377536e-03
5.172914954815782806e+01	1.226810421592440048e-03	6.067252456727853863e-03
5.179779899722899472e+01	1.227548825483265474e-03	6.055065690373956887e-03
5.186644844630015427e+01	1.228288881423766996e-03	6.042903486648934334e-03
5.193509789537130672e+01	1.229030599534459067e-03	6.030765718562795634e-03
5.200374734444246627e+01	1.229773990017540364e-03	6.018652259531116419e-03
5.207239679351362582e+01	1.230519063157853527e-03	6.006562983369486547e-03
5.214104624258479248e+01	1.231265829323845325e-03	5.994497764288187966e-03
5.220969569165595203e+01	1.232014298968536368e-03	5.982456476886802328e-03
5.227834514072710448e+01	1.232764482630520310e-03	5.970438996148949573e-03
5.234699458979826403e+01	1.233516390934988197e-03	5.958445197436691709e-03
5.241564403886942358e+01	1.234270034594734614e-03	5.946474956485386758e-03
5.248429348794058313e+01	1.235025424411226487e-03	5.934528149398148912e-03
5.255294293701174979e+01	1.235782571275661264e-03	5.922604652640455283e-03
5.262159238608290224e+01	1.236541486170052422e-03	5.910704343034938260e-03
5.269024183515406179e+01	1.237302180168330362e-03	5.898827097755866486e-03
5.275889128422522134e+01	1.238064664437479954e-03	5.886972794323641449e-03
5.282754073329638089e+01	1.238828950238660956e-03	5.875141310599693058e-03
5.289619018236754755e+01	1.239595048928401064e-03	5.863332524780832250e-03
5.296483963143870000e+01	1.240362971959763604e-03	5.851546315393882022e-03
5.303348908050985955e+01	1.241132730883554459e-03	5.839782561290342289e-03
5.310213852958101910e+01	1.241904337349564787e-03	5.828041141640886470e-03
5.317078797865217865e+01	1.242677803107813299e-03	5.816321935929936147e-03
5.323943742772334531e+01	1.243453140009825831e-03	5.804624823950247856e-03
5.330808687679449775e+01	1.244230360009929452e-03	5.792949685797404470e-03
5.337673632586565731e+01	1.245009475166580825e-03	5.781296401864360369e-03
5.344538577493681686e+01	1.245790497643716474e-03	5.769664852835998739e-03
5.351403522400797641e+01	1.246573439712117147e-03	5.758054919683500660e-03
5.358268467307912886e+01	1.247358313750815536e-03	5.746466483659074150e-03
5.365133412215029551e+01	1.248145132248513339e-03	5.734899426290054371e-03
5.371998357122145507e+01	1.248933907805045360e-03	5.723353629373783592e-03
5.378863302029261462e+01	1.249724653132849254e-03	5.711828974971716599e-03
5.385728246936377417e+01	1.250517381058479727e-03	5.700325345403921620e-03
5.392593191843492662e+01	1.251312104524140946e-03	5.688842623243625489e-03
5.399458136750609327e+01	1.252108836589261448e-03	5.677380691311345075e-03
5.406323081657725282e+01	1.252907590432091609e-03	5.665939432669409026e-03
5.413188026564841238e+01	1.253708379351313679e-03	5.654518730616199355e-03
5.420052971471957193e+01	1.254511216767733141e-03	5.643118468680551753e-03
5.426917916379072437e+01	1.255316116225934937e-03	5.631738530615896555e-03
5.433782861286188393e+01	1.256123091396044210e-03	5.620378800394642584e-03
5.440647806193305058e+01	1.256932156075459732e-03	5.609039162202287751e-03
5.447512751100421013e+01	1.257743324190655626e-03	5.597719500431700551e-03
5.454377696007536969e+01	1.258556609799018006e-03	5.586419699677257558e-03
5.461242640914652213e+01	1.259372027090704385e-03	5.575139644728955776e-03
5.468107585821768168e+01	1.260189590390532787e-03	5.563879220566518916e-03
5.474972530728884834e+01	1.261009314159950660e-03	5.552638312353458568e-03
5.481837475636000789e+01	1.261831212998990341e-03	5.541416805431153593e-03
5.488702420543116745e+01	1.262655301648294565e-03	5.530214585312772518e-03
5.495567365450231989e+01	1.263481594991171892e-03	5.519031537677318230e-03
5.502432310357347944e+01	1.264310108055707654e-03	5.507867548363461901e-03
5.509297255264463899e+01	1.265140856016895056e-03	5.496722503363389058e-03
5.516162200171580565e+01	1.265973854198821583e-03	5.485596288816832998e-03
5.523027145078696520e+01	1.266809118076899637e-03	5.474488791004605143e-03
5.529892089985811765e+01	1.267646663280149431e-03	5.463399896342541716e-03
5.536757034892927720e+01	1.268486505593502921e-03	5.452329491375117361e-03
5.543621979800043675e+01	1.269328660960183409e-03	5.441277462769061359e-03
5.550486924707160341e+01	1.270173145484118984e-03	5.430243697307046702e-03
5.557351869614276296e+01	1.271019975432407557e-03	5.419228081881203966e-03
5.564216814521391541e+01	1.271869167237836768e-03	5.408230503486554513e-03
5.571081759428507496e+01	1.272720737501432291e-03	5.397250849214643188e-03
5.577946704335623451e+01	1.273574702995101992e-03	5.386289006246668815e-03
5.584811649242739406e+01	1.274431080664296554e-03	5.375344861846955563e-03
5.591676594149856072e+01	1.275289887630728881e-03	5.364418303356274266e-03
5.598541539056971317e+01	1.276151141195181089e-03	5.353509218184891380e-03
5.605406483964087272e+01	1.277014858840319319e-03	5.342617493805877291e-03
5.612271428871203227e+01	1.277881058233618907e-03	5.331743017748006956e-03
5.619136373778319182e+01	1.278749757230298028e-03	5.320885677589036987e-03
5.626001318685435848e+01	1.279620973876366679e-03	5.310045360948260212e-03
5.632866263592551803e+01	1.280494726411685437e-03	5.299221955479750668e-03
5.639731208499667048e+01	1.281371033273130461e-03	5.288415348864882598e-03
5.646596153406783003e+01	1.282249913097800774e-03	5.277625428805215492e-03
5.653461098313898958e+01	1.283131384726280636e-03	5.266852083015119770e-03
5.660326043221015624e+01	1.284015467206029402e-03	5.256095199214137932e-03
5.667190988128131579e+01	1.284902179794750795e-03	5.245354665119777646e-03
5.674055933035246824e+01	1.285791541963919376e-03	5.234630368439672533e-03
5.680920877942362779e+01	1.286683573402315700e-03	5.223922196863863519e-03
5.687785822849478734e+01	1.287578294019682242e-03	5.213230038057218955e-03
5.694650767756594689e+01	1.288475723950418574e-03	5.202553779651349075e-03
5.701515712663711355e+01	1.289375883557385832e-03	5.191893309236689583e-03
5.708380657570826600e+01	1.290278793435769081e-03	5.181248514354450802e-03
5.715245602477942555e+01	1.291184474417022285e-03	5.170619282488444525e-03
5.722110547385058510e+01	1.292092947572912607e-03	5.160005501056762547e-03
5.728975492292174465e+01	1.293004234219636900e-03	5.149407057403358919e-03
5.735840437199291131e+01	1.293918355922011069e-03	5.138823838789659086e-03
5.742705382106406375e+01	1.294835334497791051e-03	5.128255732385842910e-03
5.749570327013522331e+01	1.295755192022026965e-03	5.117702625262128546e-03
5.756435271920638286e+01	1.296677950831560608e-03	5.107164404379914945e-03
5.763300216827754241e+01	1.297603633529588636e-03	5.096640956582923487e-03
5.770165161734869486e+01	1.298532262990333749e-03	5.086132168587887727e-03
5.777030106641986151e+01	1.299463862363796525e-03	5.075637926975463433e-03
5.783895051549102106e+01	1.300398455080645395e-03	5.065158118180855019e-03
5.790759996456218062e+01	1.301336064857173827e-03	5.054692628484280630e-03
5.797624941363334017e+01	1.302276715700375481e-03	5.044241344001266364e-03
5.804489886270449261e+01	1.303220431913125390e-03	5.033804150673015093e-03
5.811354831177565927e+01	1.304167238099482578e-03	5.023380934256175059e-03
5.818219776084681882e+01	1.305117159170100230e-03	5.012971580313102006e-03
5.825084720991797838e+01	1.306070220347726064e-03	5.002575974201355427e-03
5.831949665898913793e+01	1.307026447172868373e-03	4.992194001063235582e-03
5.838814610806029037e+01	1.307985865509542949e-03	4.981825545815511333e-03
5.845679555713144993e+01	1.308948501551146417e-03	4.971470493138215561e-03
5.852544500620261658e+01	1.309914381826482671e-03	4.961128727464068564e-03
5.859409445527377613e+01	1.310883533205894251e-03	4.950800132967156375e-03
5.866274390434493569e+01	1.311855982907531200e-03	4.940484593551669815e-03
5.873139335341608813e+01	1.312831758503754795e-03	4.930181992840475258e-03
5.880004280248724768e+01	1.313810887927676155e-03	4.919892214163247394e-03
5.886869225155841434e+01	1.314793399479856394e-03	4.909615140544712139e-03
5.893734170062957389e+01	1.315779321835106519e-03	4.899350654692398617e-03
5.900599114970073344e+01	1.316768684049475328e-03	4.889098638984459670e-03
5.907464059877188589e+01	1.317761515567388454e-03	4.878858975456893884e-03
5.914329004784304544e+01	1.318757846228905571e-03	4.868631545790989661e-03
5.921193949691420499e+01	1.319757706277165186e-03	4.858416231300166470e-03
5.928058894598537165e+01	1.320761126365984240e-03	4.848212912916616615e-03
5.934923839505653120e+01	1.321768137567642899e-03	4.838021471178041537e-03
5.941788784412768365e+01	1.322778771380776243e-03	4.827841786213617030e-03
5.948653729319884320e+01	1.323793059738511205e-03	4.817673737730119796e-03
5.955518674227000275e+01	1.324811035016756596e-03	4.807517204997495408e-03
5.962383619134116941e+01	1.325832730042634296e-03	4.797372066834369037e-03
5.969248564041232896e+01	1.326858178103190603e-03	4.787238201593093864e-03
5.976113508948348141e+01	1.327887412954173278e-03	4.777115487144511542e-03
5.982978453855464096e+01	1.328920468829104156e-03	4.767003800862599019e-03
5.989843398762580051e+01	1.329957380448525866e-03	4.756903019608611435e-03
5.996708343669696717e+01	1.330998183029410975e-03	4.746813019714800873e-03
6.003573288576812672e+01	1.332042912294856924e-03	4.736733676968225316e-03
6.010438233483927917e+01	1.333091604483911284e-03	4.726664866593689382e-03
6.017303178391043872e+01	1.334144296361684323e-03	4.716606463236686780e-03
6.024168123298159827e+01	1.335201025229658476e-03	4.706558340945887417e-03
6.031033068205275782e+01	1.336261828936224179e-03	4.696520373155133564e-03
6.037898013112392448e+01	1.337326745887481129e-03	4.686492432665224396e-03
6.044762958019508403e+01	1.338395815058226026e-03	4.676474391625192253e-03
6.051627902926623648e+01	1.339469076003275971e-03	4.666466121513106191e-03
6.058492847833739603e+01	1.340546568868969694e-03	4.656467493116666495e-03
6.065357792740855558e+01	1.341628334404955641e-03	4.646478376513054134e-03
6.072222737647972224e+01	1.342714413976287555e-03	4.636498641048745518e-03
6.079087682555088179e+01	1.343804849575718462e-03	4.626528155318208359e-03
6.085952627462203424e+01	1.344899683836373906e-03	4.616566787142987842e-03
6.092817572369319379e+01	1.345998960044637481e-03	4.606614403549491761e-03
6.099682517276435334e+01	1.347102722153367682e-03	4.596670870746635135e-03
6.106547462183550579e+01	1.348211014795427020e-03	4.586736054102987827e-03
6.113412407090667955e+01	1.349323883297528148e-03	4.576809818123366187e-03
6.120277351997783200e+01	1.350441373694395274e-03	4.566892026424644070e-03
6.127142296904899155e+01	1.351563532743230893e-03	4.556982541711112819e-03
6.134007241812015110e+01	1.352690407938620960e-03	4.547081225749506454e-03
6.140872186719131065e+01	1.353822047527662113e-03	4.537187939342884543e-03
6.147737131626247731e+01	1.354958500525563344e-03	4.527302542304172464e-03
6.154602076533362975e+01	1.356099816731551029e-03	4.517424893429292272e-03
6.161467021440478931e+01	1.357246046745215441e-03	4.507554850469021150e-03
6.168331966347594886e+01	1.358397241983174070e-03	4.497692270100512452e-03
6.175196911254710841e+01	1.359553454696241486e-03	4.487837007898185307e-03
6.182061856161826086e+01	1.360714737986923155e-03	4.477988918303620232e-03
6.188926801068942751e+01	1.361881145827417098e-03	4.468147854594552680e-03
6.195791745976058706e+01	1.363052733077993722e-03	4.458313668853678378e-03
6.202656690883174662e+01	1.364229555505932058e-03	4.448486211935861849e-03
6.209521635790290617e+01	1.365411669804785606e-03	4.438665333434809769e-03
6.216386580697405861e+01	1.366599133614281774e-03	4.428850881649350549e-03
6.223251525604522527e+01	1.367792005540629206e-03	4.419042703547627036e-03
6.230116470511638482e+01	1.368990345177389760e-03	4.409240644731609281e-03
6.236981415418754437e+01	1.370194213126866992e-03	4.399444549399704300e-03
6.243846360325870393e+01	1.371403671022046510e-03	4.389654260308645077e-03
6.250711305232985637e+01	1.372618781549137836e-03	4.379869618734667444e-03
6.257576250140101592e+01	1.373839608470672248e-03	4.370090464433006895e-03
6.264441195047218258e+01	1.375066216649222092e-03	4.360316635596413540e-03
6.271306139954334213e+01	1.376298672071760197e-03	4.350547968812944546e-03
6.278171084861450169e+01	1.377537041874674160e-03	4.340784299022027934e-03
6.285036029768565413e+01	1.378781394369438078e-03	4.331025459469277361e-03
6.291900974675681368e+01	1.380031799069016780e-03	4.321271281660491598e-03
6.298765919582798034e+01	1.381288326714942690e-03	4.311521595313604419e-03
6.305630864489913989e+01	1.382551049305196737e-03	4.301776228309877291e-03
6.312495809397029944e+01	1.383820040122859260e-03	4.292035006643261062e-03
6.319360754304145189e+01	1.385095373765514231e-03	4.282297754368028994e-03
6.326225699211261144e+01	1.386377126175561587e-03	4.272564293545841677e-03
6.333090644118377810e+01	1.387665374671358774e-03	4.262834444189725000e-03
6.339955589025493765e+01	1.388960197979246559e-03	4.253108024207503425e-03
6.346820533932609720e+01	1.390261676266558869e-03	4.243384849343141176e-03
6.353685478839724965e+01	1.391569891175546605e-03	4.233664733116097173e-03
6.360550423746840920e+01	1.392884925858380680e-03	4.223947486758959993e-03
6.367415368653956875e+01	1.394206865013107198e-03	4.214232919153060135e-03
6.374280313561073541e+01	1.395535794920794602e-03	4.204520836762009293e-03
6.381145258468189496e+01	1.396871803483704967e-03	4.194811043563226489e-03
6.388010203375304741e+01	1.398214980264806447e-03	4.185103340977428497e-03
6.394875148282420696e+01	1.399565416528298365e-03	4.175397527794960477e-03
6.401740093189536651e+01	1.400923205281619276e-03	4.165693400101195057e-03
6.408605038096652606e+01	1.402288441318670208e-03	4.155990751198113294e-03
6.415469983003768562e+01	1.403661221264433049e-03	4.146289371523917584e-03
6.422334927910884517e+01	1.405041643621137608e-03	4.136589048570150050e-03
6.429199872818000472e+01	1.406429808815774828e-03	4.126889566795358816e-03
6.436064817725116427e+01	1.407825819249365531e-03	4.117190707536745077e-03
6.442929762632232382e+01	1.409229779347731222e-03	4.107492248917616467e-03
6.449794707539348337e+01	1.410641795614099147e-03	4.097793965753194177e-03
6.456659652446464293e+01	1.412061976683437513e-03	4.088095629451622692e-03
6.463524597353580248e+01	1.413490433378671160e-03	4.078397007912353163e-03
6.470389542260696203e+01	1.414927278768939424e-03	4.068697865421392126e-03
6.477254487167812158e+01	1.416372628229804710e-03	4.058997962541274936e-03
6.484119432074928113e+01	1.417826599505708600e-03	4.049297055998876856e-03
6.490984376982044068e+01	1.419289312774657096e-03	4.039594898568454537e-03
6.497849321889160024e+01	1.420760890715225613e-03	4.029891238949707098e-03
6.504714266796275979e+01	1.422241458576142641e-03	4.020185821643046907e-03
6.511579211703391934e+01	1.423731144248362081e-03	4.010478386818532547e-03
6.518444156610507889e+01	1.425230078339947580e-03	4.000768670181354021e-03
6.525309101517623844e+01	1.426738394253807430e-03	3.991056402831376533e-03
6.532174046424739799e+01	1.428256228268353798e-03	3.981341311117849585e-03
6.539038991331855755e+01	1.429783719621474831e-03	3.971623116488321240e-03
6.545903936238971710e+01	1.431321010597668515e-03	3.961901535332160856e-03
6.552768881146087665e+01	1.432868246618771747e-03	3.952176278817651212e-03
6.559633826053203620e+01	1.434425576338293736e-03	3.942447052722916276e-03
6.566498770960319575e+01	1.435993151739662927e-03	3.932713557260366331e-03
6.573363715867435531e+01	1.437571128238498063e-03	3.922975486893924904e-03
6.580228660774551486e+01	1.439159664789186124e-03	3.913232530149007155e-03
6.587093605681667441e+01	1.440758923995926746e-03	3.903484369415551568e-03
6.593958550588783396e+01	1.442369072228600257e-03	3.893730680741629060e-03
6.600823495495899351e+01	1.443990279743567534e-03	3.883971133620194721e-03
6.607688440403015306e+01	1.445622720809814103e-03	3.874205390766265623e-03
6.614553385310131262e+01	1.447266573840597873e-03	3.864433107884462232e-03
6.621418330217247217e+01	1.448922021531117007e-03	3.854653933428134685e-03
6.628283275124363172e+01	1.450589251002168878e-03	3.844867508346429263e-03
6.635148220031479127e+01	1.452268453950646002e-03	3.835073465822753675e-03
6.642013164938595082e+01	1.453959826806746443e-03	3.825271430999822517e-03
6.648878109845711037e+01	1.455663570898661731e-03	3.815461020694462663e-03
6.655743054752826993e+01	1.457379892624947665e-03	3.805641843099187051e-03
6.662607999659942948e+01	1.459109003635142418e-03	3.795813497470345611e-03
6.669472944567058903e+01	1.460851121019104450e-03	3.785975573803344700e-03
6.676337889474174858e+01	1.462606467505500434e-03	3.776127652491757455e-03
6.683202834381290813e+01	1.464375271670095022e-03	3.766269303972544225e-03
6.690067779288406769e+01	1.466157768154428137e-03	3.756400088354162978e-03
6.696932724195522724e+01	1.467954197895346207e-03	3.746519555026834626e-03
6.703797669102638679e+01	1.469764808366196386e-03	3.736627242256629431e-03
6.710662614009754634e+01	1.471589853830626571e-03	3.726722676757888899e-03
6.717527558916870589e+01	1.473429595609078826e-03	3.716805373247412687e-03
6.724392503823986544e+01	1.475284302359523804e-03	3.706874833975483483e-03
6.731257448731102500e+01	1.477154250373023800e-03	3.696930548235699207e-03
6.738122393638218455e+01	1.479039723884830468e-03	3.686971991848964764e-03
6.744987338545334410e+01	1.480941015402429707e-03	3.676998626623830414e-03
6.751852283452450365e+01	1.482858426051419064e-03	3.667009899787894520e-03
6.758717228359566320e+01	1.484792265940356945e-03	3.657005243391926903e-03
6.765582173266682275e+01	1.486742854545762592e-03	3.646984073682428464e-03
6.772447118173798231e+01	1.488710521118899411e-03	3.636945790442458384e-03
6.779312063080912765e+01	1.490695605115556835e-03	3.626889776296943289e-03
6.786177007988030141e+01	1.492698456650236273e-03	3.616815395982786278e-03
6.793041952895146096e+01	1.494719436976714401e-03	3.606721995578472326e-03
6.799906897802262051e+01	1.496758918996877238e-03	3.596608901692677392e-03
6.806771842709378006e+01	1.498817287798986627e-03	3.586475420608642092e-03
6.813636787616492541e+01	1.500894941228747516e-03	3.576320837380179973e-03
6.820501732523609917e+01	1.502992290494149221e-03	3.566144414878488593e-03
6.827366677430725872e+01	1.505109760807452545e-03	3.555945392783946453e-03
6.834231622337841827e+01	1.507247792066472494e-03	3.545722986519557300e-03
6.841096567244957782e+01	1.509406839578360639e-03	3.535476386124187815e-03
6.847961512152072316e+01	1.511587374828689788e-03	3.525204755057796333e-03
6.854826457059188272e+01	1.513789886299424887e-03	3.514907228936275593e-03
6.861691401966305648e+01	1.516014880339414204e-03	3.504582914189921690e-03
6.868556346873421603e+01	1.518262882091394759e-03	3.494230886639590385e-03
6.875421291780537558e+01	1.520534436480050055e-03	3.483850189985085964e-03
6.882286236687652092e+01	1.522830109265145299e-03	3.473439834198796018e-03
6.889151181594768047e+01	1.525150488166139746e-03	3.462998793815751097e-03
6.896016126501885424e+01	1.527496184062577395e-03	3.452526006115795836e-03
6.902881071409001379e+01	1.529867832277876467e-03	3.442020369184500741e-03
6.909746016316117334e+01	1.532266093951776707e-03	3.431480739847034105e-03
6.916610961223231868e+01	1.534691657510295695e-03	3.420905931461844848e-03
6.923475906130347823e+01	1.537145240240165396e-03	3.410294711565039008e-03
6.930340851037463779e+01	1.539627589977648559e-03	3.399645799349636580e-03
6.937205795944581155e+01	1.542139486921099457e-03	3.388957862968881851e-03
6.944070740851697110e+01	1.544681745578750437e-03	3.378229516647166843e-03
6.950935685758811644e+01	1.547255216862398683e-03	3.367459317579226535e-03
6.957800630665927599e+01	1.549860790342116748e-03	3.356645762602373725e-03
6.964665575573043554e+01	1.552499396676077555e-03	3.345787284619772869e-03
6.971530520480160931e+01	1.555172010230577734e-03	3.334882248748917248e-03
6.978395465387276886e+01	1.557879651910913134e-03	3.323928948174150605e-03
6.985260410294392841e+01	1.560623392220936200e-03	3.312925599670720617e-03
6.992125355201507375e+01	1.563404354576275251e-03	3.301870338771671024e-03
6.998990300108623330e+01	1.566223718893927294e-03	3.290761214537787395e-03
7.005855245015739285e+01	1.569082725488647311e-03	3.279596183895728146e-03
7.012720189922856662e+01	1.571982679307597783e-03	3.268373105494995316e-03
7.019585134829972617e+01	1.574924954536940491e-03	3.257089733036914927e-03
7.026450079737087151e+01	1.577910999623562821e-03	3.245743708015536976e-03
7.033315024644203106e+01	1.580942342755393406e-03	3.234332551809915822e-03
7.040179969551319061e+01	1.584020597852179007e-03	3.222853657052276218e-03
7.047044914458436438e+01	1.587147471124948422e-03	3.211304278192087750e-03
7.053909859365552393e+01	1.590324768271197042e-03	3.199681521162190886e-03
7.060774804272666927e+01	1.593554402380159421e-03	3.187982332036703049e-03
7.067639749179782882e+01	1.596838402635574784e-03	3.176203484567330978e-03
7.074504694086898837e+01	1.600178923914476236e-03	3.164341566447776040e-03
7.081369638994016213e+01	1.603578257396665215e-03	3.152392964154872648e-03
7.088234583901132169e+01	1.607038842315271004e-03	3.140353846175541769e-03
7.095099528808246703e+01	1.610563279001026894e-03	3.128220144408617575e-03
7.101964473715362658e+01	1.614154343396398796e-03	3.115987533489474569e-03
7.108829418622478613e+01	1.617815003245620881e-03	3.103651407751225385e-03
7.115694363529594568e+01	1.621548436200280973e-03	3.091206855482528121e-03
7.122559308436711945e+01	1.625358050123689845e-03	3.078648630082454329e-03
7.129424253343826479e+01	1.629247505923460794e-03	3.065971117646729832e-03
7.136289198250942434e+01	1.633220743309810952e-03	3.053168300427716326e-03
7.143154143158058389e+01	1.637282009944801163e-03	3.040233715515782299e-03
7.150019088065174344e+01	1.641435894539353081e-03	3.027160407939304826e-03
7.156884032972291720e+01	1.645687364573137365e-03	3.013940877259745858e-03
7.163748977879406254e+01	1.650041809441624933e-03	3.000567016498928950e-03
7.170613922786522210e+01	1.654505090015857957e-03	2.987030042030369530e-03
7.177478867693638165e+01	1.659083595812676322e-03	2.973320412732874136e-03
7.184343812600754120e+01	1.663784311248617557e-03	2.959427736338064892e-03
7.191208757507870075e+01	1.668614892801046105e-03	2.945340660394100800e-03
7.198073702414986030e+01	1.673583759353202034e-03	2.931046744654899460e-03
7.204938647322101986e+01	1.678700198563845255e-03	2.916532310862342270e-03
7.211803592229217941e+01	1.683974492895279687e-03	2.901782264851517773e-03
7.218668537136333896e+01	1.689418069905535176e-03	2.886779884467613640e-03
7.225533482043449851e+01	1.695043682773810824e-03	2.871506564922675711e-03
7.232398426950565806e+01	1.700865628836038552e-03	2.855941510675892060e-03
7.239263371857681761e+01	1.706900016390071068e-03	2.840061359458294788e-03
7.246128316764797717e+01	1.713165093475889572e-03	2.823839719249491426e-03
7.252993261671913672e+01	1.719681657199601411e-03	2.807246592284257016e-03
7.259858206579029627e+01	1.726473569094776799e-03	2.790247650492924756e-03
7.266723151486145582e+01	1.733568412198632867e-03	2.772803312812478511e-03
7.273588096393261537e+01	1.740998340560962789e-03	2.754867553905891026e-03
7.280453041300377492e+01	1.748801194920760220e-03	2.736386342382500763e-03
7.287317986207493448e+01	1.757021994085468776e-03	2.717295557435369345e-03
7.294182931114609403e+01	1.765714969154074526e-03	2.697518154467960869e-03
7.301047876021725358e+01	1.774946403127821391e-03	2.676960220815227578e-03
7.307912820928841313e+01	1.784798702718145592e-03	2.655505341140514987e-03
7.314777765835957268e+01	1.795376424215285299e-03	2.633006296659465457e-03
7.321642710743073224e+01	1.806815532873217150e-03	2.609272380057839520e-03
7.328507655650189179e+01	1.819298294797467913e-03	2.584049129490959343e-03
7.335372600557305134e+01	1.833078620778039354e-03	2.556984117253648190e-03
7.342237545464421089e+01	1.848528422688357729e-03	2.527564993501783819e-03
7.349102490371537044e+01	1.866230901299669852e-03	2.494996341499145995e-03
7.355967435278652999e+01	1.887195098719967462e-03	2.457920910862753869e-03
7.362832380185768955e+01	1.913460584823284275e-03	2.413650479572762835e-03
7.369697325092884910e+01	1.950549778215372558e-03	2.355144410591335658e-03
7.376562270000000865e+01	2.039872477793832142e-03	2.234384799590159558e-03
